studentId,name,email
1000,Ram,ram@tcs.com
1001,Sam,sam@tcs.com
1002,John,john@tcs.com
1003,Doherty,doherty@tcs.com
1004,Travis,travis@tcs.com
1005,Ben,ben@tcs.com
1006,Scott,scott@tcs.com
1007,Kumar,kumar@tcs.com
1008,Mukesh,mukesh@tcs.com
1009,Carl,carl@tcs.com
1010,Johnson,johnson@tcs.com
1011,Jennifer,jennifer@tcs.com
1012,Harsha,harsha@tcs.com
1013,Haresh,haresh@tcs.com
